<!DOCTYPE ui:UiBinder SYSTEM "http://dl.google.com/gwt/DTD/xhtml.ent">
<ui:UiBinder xmlns:ui="urn:ui:com.google.gwt.uibinder"
  xmlns:g="urn:import:com.google.gwt.user.client.ui" xmlns:stalkr="urn:import:com.metadot.book.connectr.client">

  <ui:style src="Resources/GlobalStyles.css" />
    
  <g:HTMLPanel>
    <div class='{style.formContainer}'>
      <div class="{style.formTitle}">Friend Information</div>
      <table>
        <tr>
          <td>First name:</td>
          <td>
            <g:TextBox ui:field='firstNameField' />
          </td>
        </tr>
        <tr>
          <td>Last name:</td>
          <td>
            <g:TextBox ui:field='lastNameField' />
          </td>
        </tr>
        <tr>
          <td>Email:</td>
          <td>
            <g:TextBox ui:field='emailField' />
          </td>
        </tr>
      </table>
      <div class='{style.formButtons}'>
        <g:Button ui:field="cancelButton">cancel</g:Button>
        <g:Button ui:field="saveButton">save</g:Button>
      </div>
    </div>
  </g:HTMLPanel>
</ui:UiBinder> 