<!DOCTYPE ui:UiBinder SYSTEM "http://dl.google.com/gwt/DTD/xhtml.ent">
<ui:UiBinder xmlns:ui="urn:ui:com.google.gwt.uibinder"
	xmlns:g="urn:import:com.google.gwt.user.client.ui">
	<ui:style>
		.container {
			padding: 10px;
			background-color: #ddd;
			color: #222;
			font-family: Helvetica;
		}
		
		.username {
			background-color: #ccc;
			border: 1px solid #666;
			color: #222;
			display: block;
			font-size: 24px;
			font-weight: bold;
			padding: 10px 0;
			text-align: center;
			text-decoration: none;
			text-shadow: 0px 1px 0px #fff;
			background-image: -webkit-gradient(linear, left top, left bottom, from(#ccc),
				to(#999) );
		}
		
		.link {
			background-color: #FFFFFF;
			border: 1px solid #999999;
			color: #222222;
			display: block;
			font-size: 17px;
			font-weight: bold;
			margin-bottom: -1px;
			padding: 12px 10px;
			text-decoration: none;
		}
	</ui:style>
	
	<g:HTMLPanel>
		<!-- This is a hack. It should be moved to the header of the HTML document -->
		<meta name="viewport" content="user-scalable=no, width=device-width" />
		<!--  hackery end -->
		<div class="{style.container}">
			<p class="{style.username}">
				<span ui:field="nameSpan" />
			</p>
			<p class="{style.link}">
				<g:Anchor ui:field="editLink" text="Edit your profile"></g:Anchor>
			</p>
			<p>Smart device detected</p>
		</div>
	</g:HTMLPanel>
</ui:UiBinder>