<!DOCTYPE ui:UiBinder SYSTEM "http://dl.google.com/gwt/DTD/xhtml.ent">
<ui:UiBinder xmlns:ui="urn:ui:com.google.gwt.uibinder"
			 xmlns:g="urn:import:com.google.gwt.user.client.ui">
	<ui:style>
		.important {
			font-weight: bold;
		}
	</ui:style>
	<g:HTMLPanel>
	<hr/>
		Editing: 
		<span class="{style.important}" ui:field="nameSpan" />
		<g:TextBox ui:field="nameField">Name goes here</g:TextBox>
    - <g:Anchor ui:field="saveLink" text="Save"></g:Anchor>
  		<hr/>
	</g:HTMLPanel>
</ui:UiBinder>